<?xml version="1.0" ?>
<jobSummary archiveFilename="/home/class/ohrytsiuk/git/rv-040PyATS/units/unit5/archive/18-Dec/rabbitjCLI.2018Dec04_13:58:37.802674.zip" atsTreePath="/home/class/.virtualenvs/pyats">
  <jobName>rabbitjCLI</jobName>
  <image/>
  <aborted>0</aborted>
  <passed>0</passed>
  <passx>0</passx>
  <failed>0</failed>
  <blocked>0</blocked>
  <skipped>0</skipped>
  <errored>1</errored>
  <unknown>0</unknown>
  <never_ran>0</never_ran>
  <total>1</total>
  <success_rate>0.0</success_rate>
  <starttime>2018-12-04T13:58:38</starttime>
  <stoptime>2018-12-04T13:58:39</stoptime>
  <runtime>00:00:01</runtime>
  <testbed/>
  <release/>
  <submitter>class</submitter>
  <debugProfile>0</debugProfile>
  <host>rvclass08</host>
</jobSummary>
