<?xml version="1.0" ?>
<jobSummary archiveFilename="/home/shepsel/projects/rv-040PyATS/Task_6/archive/18-Nov/job.2018Nov20_23:38:45.758145.zip" atsTreePath="/home/shepsel/pythonats/venv">
  <jobName>job</jobName>
  <image/>
  <aborted>0</aborted>
  <passed>0</passed>
  <passx>0</passx>
  <failed>0</failed>
  <blocked>0</blocked>
  <skipped>0</skipped>
  <errored>1</errored>
  <unknown>0</unknown>
  <never_ran>0</never_ran>
  <total>1</total>
  <success_rate>0.0</success_rate>
  <starttime>2018-11-20T23:38:46</starttime>
  <stoptime>2018-11-20T23:38:47</stoptime>
  <runtime>00:00:01</runtime>
  <testbed/>
  <release/>
  <submitter>shepsel</submitter>
  <debugProfile>0</debugProfile>
  <host>shepsel-Latitude-E7440</host>
</jobSummary>
