<?xml version="1.0" ?>
<jobSummary archiveFilename="/home/class/ohrytsiuk/git/rv-040PyATS/cisco/archive/18-Dec/gRun.2018Dec26_13:31:48.426495.zip" atsTreePath="/home/class/.virtualenvs/pyats">
  <jobName>gRun</jobName>
  <image/>
  <aborted>1</aborted>
  <passed>0</passed>
  <passx>0</passx>
  <failed>0</failed>
  <blocked>0</blocked>
  <skipped>0</skipped>
  <errored>0</errored>
  <unknown>0</unknown>
  <never_ran>0</never_ran>
  <total>1</total>
  <success_rate>0.0</success_rate>
  <starttime>2018-12-26T13:31:49</starttime>
  <stoptime>2018-12-26T13:31:57</stoptime>
  <runtime>00:00:08</runtime>
  <testbed>testbed</testbed>
  <release/>
  <submitter>class</submitter>
  <debugProfile>0</debugProfile>
  <host>rvclass08</host>
</jobSummary>
